{"cameraMode":{"drawMode":0,"name":"Shaded","section":"Shading Mode"},"sceneLighting":true,"audioPlay":false,"sceneViewState":{"m_AlwaysRefresh":false,"showFog":true,"showSkybox":true,"showFlares":true,"showImageEffects":true,"showParticleSystems":true,"showVisualEffectGraphs":true,"m_FxEnabled":true},"in2DMode":false,"pivot":{"x":348.10308837890627,"y":120.428466796875,"z":6.7433929443359379},"rotation":{"x":0.019498033449053766,"y":-0.00899815745651722,"z":0.0001754674012772739,"w":0.9997696876525879},"size":115.39497375488281,"orthographic":true}