{"cameraMode":{"drawMode":0,"name":"Shaded","section":"Shading Mode"},"sceneLighting":true,"audioPlay":false,"sceneViewState":{"m_AlwaysRefresh":false,"showFog":true,"showSkybox":true,"showFlares":true,"showImageEffects":true,"showParticleSystems":true,"showVisualEffectGraphs":true,"m_FxEnabled":true},"in2DMode":false,"pivot":{"x":-21.59000015258789,"y":1.0953466892242432,"z":13.573322296142579},"rotation":{"x":0.1561497002840042,"y":-0.21012312173843385,"z":0.034018903970718387,"w":0.9645265340805054},"size":2.772183656692505,"orthographic":true}