{"cameraMode":{"drawMode":0,"name":"Shaded","section":"Shading Mode"},"sceneLighting":true,"audioPlay":false,"sceneViewState":{"m_AlwaysRefresh":false,"showFog":true,"showSkybox":true,"showFlares":true,"showImageEffects":true,"showParticleSystems":true,"showVisualEffectGraphs":true,"m_FxEnabled":true},"in2DMode":false,"pivot":{"x":-162.26947021484376,"y":13.204582214355469,"z":5.962647914886475},"rotation":{"x":0.30376699566841128,"y":-0.16412486135959626,"z":0.05320027098059654,"w":0.9369973540306091},"size":0.3430323600769043,"orthographic":false}