{"cameraMode":{"drawMode":0,"name":"Shaded","section":"Shading Mode"},"sceneLighting":true,"audioPlay":false,"sceneViewState":{"m_AlwaysRefresh":false,"showFog":true,"showSkybox":true,"showFlares":true,"showImageEffects":true,"showParticleSystems":true,"showVisualEffectGraphs":true,"m_FxEnabled":true},"in2DMode":false,"pivot":{"x":1.3548918962478638,"y":1.9973077774047852,"z":-0.8403154611587524},"rotation":{"x":0.05556100979447365,"y":0.8111164569854736,"z":-0.07810729742050171,"w":0.5769803524017334},"size":4.294041633605957,"orthographic":true}