{"cameraMode":{"drawMode":0,"name":"Shaded","section":"Shading Mode"},"sceneLighting":true,"audioPlay":false,"sceneViewState":{"m_AlwaysRefresh":false,"showFog":true,"showSkybox":true,"showFlares":true,"showImageEffects":true,"showParticleSystems":true,"showVisualEffectGraphs":true,"m_FxEnabled":true},"in2DMode":false,"pivot":{"x":-14.346920013427735,"y":0.4798426628112793,"z":7.029994964599609},"rotation":{"x":0.2952955365180969,"y":0.037248723208904269,"z":-0.0115223852917552,"w":0.9546101689338684},"size":14.973308563232422,"orthographic":false}